

-- *ADDING FAKE DATA TO USERS
INSERT INTO users (id, name, email, password, role, created_at, updated_at, is_deleted, deleted_at, validation_code, is_validated) VALUES
(1, 'Ivan Luengo', 'ivluengo@gmail.com', '$2b$10$cw6nZeP6a12IbRVzX5NDE.FmfWmpMXRcAPB9NFQAM868GC646zE7i', 'host', '2023-01-15 10:15:30', '2023-01-15 10:15:30', false, NULL, NULL, false),
(2, 'Cindelyn McCosker', 'cindelyn.mccosker@yahoo.com', '$2b$10$cw6nZeP6a12IbRVzX5NDE.FmfWmpMXRcAPB9NFQAM868GC646zE7i', 'guest', '2023-02-20 11:45:00', '2023-02-20 11:45:00', false, NULL, NULL, false),
(3, 'Aline Westphalen', 'aline.westphalen@yahoo.com', '$2b$10$cw6nZeP6a12IbRVzX5NDE.FmfWmpMXRcAPB9NFQAM868GC646zE7i', 'guest', '2023-03-05 14:22:10', '2023-03-05 14:22:10', false, NULL, NULL, false),
(4, 'Tammy Chesley', 'tammy.chesley@gmail.com', '$2b$10$cw6nZeP6a12IbRVzX5NDE.FmfWmpMXRcAPB9NFQAM868GC646zE7i', 'host', '2023-03-18 09:10:45', '2023-03-18 09:10:45', false, NULL, NULL, false),
(5, 'Vere Lyvon', 'vere.lyvon@live.nl', '$2b$10$cw6nZeP6a12IbRVzX5NDE.FmfWmpMXRcAPB9NFQAM868GC646zE7i', 'host', '2023-04-12 17:35:30', '2023-04-12 17:35:30', false, NULL, NULL, false),
(6, 'Mariana Fernández', 'mariana.fernandez@gmail.com', '$2b$10$cw6nZeP6a12IbRVzX5NDE.FmfWmpMXRcAPB9NFQAM868GC646zE7i', 'guest', '2023-05-05 13:10:15', '2023-05-05 13:10:15', false, NULL, NULL, false),
(7, 'Carlos Rodríguez', 'carlos.rodriguez@hotmail.com', '$2b$10$cw6nZeP6a12IbRVzX5NDE.FmfWmpMXRcAPB9NFQAM868GC646zE7i', 'guest', '2023-06-10 08:50:00', '2023-06-10 08:50:00', false, NULL, NULL, false),
(8, 'Sofia López', 'sofia.lopez@gmail.com', '$2b$10$cw6nZeP6a12IbRVzX5NDE.FmfWmpMXRcAPB9NFQAM868GC646zE7i', 'host', '2023-07-22 20:25:40', '2023-07-22 20:25:40', false, NULL, NULL, false),
(9, 'Andrés Pérez', 'andres.perez@gmail.com', '$2b$10$cw6nZeP6a12IbRVzX5NDE.FmfWmpMXRcAPB9NFQAM868GC646zE7i', 'guest', '2023-08-01 11:00:00', '2023-08-01 11:00:00', false, NULL, NULL, false),
(10, 'Luisa Gómez', 'luisa.gomez@yahoo.com', '$2b$10$cw6nZeP6a12IbRVzX5NDE.FmfWmpMXRcAPB9NFQAM868GC646zE7i', 'guest', '2023-09-12 15:40:00', '2023-09-12 15:40:00', false, NULL, NULL, false),
(11, 'Jorge Romero', 'jorge.romero@hotmail.com', '$2b$10$cw6nZeP6a12IbRVzX5NDE.FmfWmpMXRcAPB9NFQAM868GC646zE7i', 'host', '2023-10-02 19:00:00', '2023-10-02 19:00:00', false, NULL, NULL, false),
(12, 'Clara Díaz', 'clara.diaz@gmail.com', '$2b$10$cw6nZeP6a12IbRVzX5NDE.FmfWmpMXRcAPB9NFQAM868GC646zE7i', 'guest', '2023-10-18 09:10:00', '2023-10-18 09:10:00', false, NULL, NULL, false),
(13, 'Raúl Vega', 'raul.vega@gmail.com', '$2b$10$cw6nZeP6a12IbRVzX5NDE.FmfWmpMXRcAPB9NFQAM868GC646zE7i', 'guest', '2023-11-01 14:30:00', '2023-11-01 14:30:00', false, NULL, NULL, false),
(14, 'Lucía Hernández', 'lucia.hernandez@gmail.com', '$2b$10$cw6nZeP6a12IbRVzX5NDE.FmfWmpMXRcAPB9NFQAM868GC646zE7i', 'host', '2023-11-15 18:45:00', '2023-11-15 18:45:00', false, NULL, NULL, false),
(15, 'Fernando Suárez', 'fernando.suarez@gmail.com', '$2b$10$cw6nZeP6a12IbRVzX5NDE.FmfWmpMXRcAPB9NFQAM868GC646zE7i', 'guest', '2023-12-10 09:15:00', '2023-12-10 09:15:00', false, NULL, NULL, false),
(16, 'Alejandro Gómez', 'alejandro.gomez@hotmail.com', '$2b$10$cw6nZeP6a12IbRVzX5NDE.FmfWmpMXRcAPB9NFQAM868GC646zE7i', 'guest', '2023-01-05 12:00:00', '2023-01-05 12:00:00', false, NULL, NULL, false),
(17, 'Esteban López', 'esteban.lopez@yahoo.com', '$2b$10$cw6nZeP6a12IbRVzX5NDE.FmfWmpMXRcAPB9NFQAM868GC646zE7i', 'guest', '2023-02-15 16:30:00', '2023-02-15 16:30:00', false, NULL, NULL, false),
(18, 'Patricia Pérez', 'patricia.perez@gmail.com', '$2b$10$cw6nZeP6a12IbRVzX5NDE.FmfWmpMXRcAPB9NFQAM868GC646zE7i', 'guest', '2023-03-22 10:05:00', '2023-03-22 10:05:00', false, NULL, NULL, false),
(19, 'Marta Romero', 'marta.romero@gmail.com', '$2b$10$cw6nZeP6a12IbRVzX5NDE.FmfWmpMXRcAPB9NFQAM868GC646zE7i', 'guest', '2023-04-07 11:20:00', '2023-04-07 11:20:00', false, NULL, NULL, false),
(20, 'Juanita Sánchez', 'juanita.sanchez@hotmail.com', '$2b$10$cw6nZeP6a12IbRVzX5NDE.FmfWmpMXRcAPB9NFQAM868GC646zE7i', 'host', '2023-04-15 14:00:00', '2023-04-15 14:00:00', false, NULL, NULL, false),
(21, 'Pedro Martínez', 'pedro.martinez@gmail.com', '$2b$10$cw6nZeP6a12IbRVzX5NDE.FmfWmpMXRcAPB9NFQAM868GC646zE7i', 'guest', '2023-05-12 08:40:00', '2023-05-12 08:40:00', false, NULL, NULL, false),
(22, 'Raquel Díaz', 'raquel.diaz@yahoo.com', '$2b$10$cw6nZeP6a12IbRVzX5NDE.FmfWmpMXRcAPB9NFQAM868GC646zE7i', 'guest', '2023-06-25 13:50:00', '2023-06-25 13:50:00', false, NULL, NULL, false),
(23, 'Javier Herrera', 'javier.herrera@hotmail.com', '$2b$10$cw6nZeP6a12IbRVzX5NDE.FmfWmpMXRcAPB9NFQAM868GC646zE7i', 'host', '2023-07-04 17:10:00', '2023-07-04 17:10:00', false, NULL, NULL, false),
(24, 'Nerea Castillo', 'nerea.castillo@gmail.com', '$2b$10$cw6nZeP6a12IbRVzX5NDE.FmfWmpMXRcAPB9NFQAM868GC646zE7i', 'guest', '2023-08-21 14:00:00', '2023-08-21 14:00:00', false, NULL, NULL, false),
(25, 'Ricardo García', 'ricardo.garcia@hotmail.com', '$2b$10$cw6nZeP6a12IbRVzX5NDE.FmfWmpMXRcAPB9NFQAM868GC646zE7i', 'host', '2023-09-03 19:25:00', '2023-09-03 19:25:00', false, NULL, NULL, false),
(26, 'Lorena Jiménez', 'lorena.jimenez@yahoo.com', '$2b$10$cw6nZeP6a12IbRVzX5NDE.FmfWmpMXRcAPB9NFQAM868GC646zE7i', 'guest', '2023-09-30 11:30:00', '2023-09-30 11:30:00', false, NULL, NULL, false),
(27, 'David Morales', 'david.morales@gmail.com', '$2b$10$cw6nZeP6a12IbRVzX5NDE.FmfWmpMXRcAPB9NFQAM868GC646zE7i', 'guest', '2023-10-10 08:00:00', '2023-10-10 08:00:00', false, NULL, NULL, false),
(28, 'Eva González', 'eva.gonzalez@hotmail.com', '$2b$10$cw6nZeP6a12IbRVzX5NDE.FmfWmpMXRcAPB9NFQAM868GC646zE7i', 'guest', '2023-11-20 13:00:00', '2023-11-20 13:00:00', false, NULL, NULL, false),
(29, 'Carlos Sánchez', 'carlos.sanchez@gmail.com', '$2b$10$cw6nZeP6a12IbRVzX5NDE.FmfWmpMXRcAPB9NFQAM868GC646zE7i', 'guest', '2023-12-12 16:30:00', '2023-12-12 16:30:00', false, NULL, NULL, false),
(30, 'Cristina Ruiz', 'cristina.ruiz@gmail.com', '$2b$10$cw6nZeP6a12IbRVzX5NDE.FmfWmpMXRcAPB9NFQAM868GC646zE7i', 'host', '2023-12-20 18:00:00', '2023-12-20 18:00:00', false, NULL, NULL, false),
(31, 'Sergio Fernández', 'sergio.fernandez@gmail.com', '$2b$10$cw6nZeP6a12IbRVzX5NDE.FmfWmpMXRcAPB9NFQAM868GC646zE7i', 'host', '2023-08-05 15:00:00', '2023-08-05 15:00:00', false, NULL, NULL, false),
(32, 'Ana González', 'ana.gonzalez@hotmail.com', '$2b$10$cw6nZeP6a12IbRVzX5NDE.FmfWmpMXRcAPB9NFQAM868GC646zE7i', 'host', '2023-11-15 12:45:00', '2023-11-15 12:45:00', false, NULL, NULL, false);

-- *Adding data to ROOMS
INSERT INTO rooms (
    id, host_id, title, description, location, max_guests, bathrooms, 
    price_per_night, created_at, updated_at, is_deleted, deleted_at
) VALUES
(1, 1, 'Detractis et omnium', 'Maluisti dici. Graece ergo praetor Athenis, id.', 'Washington', 1, 1, 71, '2024-01-31 13:20:17', '2024-01-31 13:20:17', false, NULL),
(2, 4, 'Etiam Athenis', 'Etiam Athenis, ut e patre audiebam facete et urbane Stoicos irridente, statua est in voluptate. Neque enim tempus est ullum, quo non plus habeat.', 'Young America', 3, 1, 102, '2024-05-23 16:57:10', '2024-05-23 16:57:10', false, NULL),
(3, 5, 'Sunt aliae quoque', 'Si ob aliquam causam ista, quae sine dubio praeclara sunt, fecerint, virtutem iis per.', 'Anchorage', 1, 1, 50, '2023-11-13 19:05:25', '2023-11-13 19:05:25', false, NULL),
(4, 8, 'Esse iudico', 'Et ignavia semper animum excruciant et semper sollicitant turbulentaeque sunt, sic inprobitas si cuius in.', 'Muskegon', 3, 1, 100, '2024-05-15 07:35:22', '2024-05-15 07:35:22', false, NULL),
(5, 11, 'Utrumque', 'Desideraret.Non est igitur voluptas bonum. Hoc ne statuam quidem dicturam pater aiebat, si loqui posset. Conclusum est enim contra.', 'Des Moines', 2, 1, 85, '2024-03-21 12:28:10', '2024-03-21 12:28:10', false, NULL),
(6, 14, 'Effici et quidam', 'Difficiles, lucifugi, maledici, monstruosi, alii autem etiam.', 'Oakland', 1, 1, 59, '2023-12-18 23:33:51', '2023-12-18 23:33:51', false, NULL),
(7, 20, 'Novum vicinum', 'Labor in varias reprehensiones incurreret. Nam quibusdam, et iis quidem non admodum indoctis, totum hoc displicet philosophari. Quidam autem non tam id reprehendunt, si remissius agatur.', 'Waltham', 2, 1, 97, '2024-05-03 10:40:33', '2024-05-03 10:40:33', false, NULL),
(8, 23, 'Et terminatas', 'Sic amicitiam negant posse a voluptate discedere. Nam cum ignoratione rerum bonarum et malarum.', 'Los Angeles', 1, 1, 58, '2023-12-14 07:45:40', '2023-12-14 07:45:40', false, NULL),
(9, 25, 'Gessisse sine causa', 'Interrogare aut interrogari. Ut placet, inquam. Tum dicere exorsus est. Primum igitur, inquit, sic agam, ut ipsi auctori huius disciplinae placet: constituam, quid et quale sit id, de quo quaerimus, non quo modo.', 'Tulsa', 3, 1, 122, '2024-08-05 05:24:25', '2024-08-05 05:24:25', false, NULL),
(10, 30, 'Ennii Medeam', 'Impediri necesse est! Animi autem voluptates et dolores nasci fatemur e corporis voluptatibus et doloribus itaque concedo, quod modo dicebas, cadere causa, si qui e nostris aliter existimant, quos quidem video esse multos, sed imperitos --, quamquam autem et.', 'Sioux Falls', 4, 1, 128, '2024-08-25 20:24:14', '2024-08-25 20:24:14', false, NULL),
(11, 31, 'Possint sic', 'Videtur, quippe homini erudito in geometriaque perfecto, huic pedalis fortasse; tantum enim esse censet.', 'Irvine', 1, 1, 57, '2023-12-11 14:09:59', '2023-12-11 14:09:59', false, NULL),
(12, 32, 'Illi enim negant', 'Electram, tamen male conversam Atilii mihi legendam putem, de quo quaerimus, non.', 'Washington', 1, 1, 71, '2024-01-30 07:09:38', '2024-01-30 07:09:38', false, NULL);


-- *Adding data to ROOMS_PHOTOS
INSERT INTO room_photos (id, photo_url, room_id) VALUES
(1, 'https://res.cloudinary.com/dk1imvnu1/image/upload/v1732734890/room_seekers/i14njhjmfleq785aepye.jpg', 1),
(2, 'https://res.cloudinary.com/dk1imvnu1/image/upload/v1732734890/room_seekers/cxic0ntq3nrv7cvotpkt.jpg', 1),
(3, 'https://res.cloudinary.com/dk1imvnu1/image/upload/v1732734890/room_seekers/y0sskz5sjnzbulabt2xc.jpg', 1),
(4, 'https://res.cloudinary.com/dk1imvnu1/image/upload/v1732734890/room_seekers/zp3q72m1ayldupm4hmnc.jpg', 1),
(5, 'https://res.cloudinary.com/dk1imvnu1/image/upload/v1732734890/room_seekers/earghzash2vv4czaf5tw.jpg', 2),
(6, 'https://res.cloudinary.com/dk1imvnu1/image/upload/v1732734890/room_seekers/sjbisphe4otox70t4xdz.jpg', 2),
(7, 'https://res.cloudinary.com/dk1imvnu1/image/upload/v1732734890/room_seekers/xpfgupgy52qkpgpan2pm.jpg', 2),
(8, 'https://res.cloudinary.com/dk1imvnu1/image/upload/v1732734890/room_seekers/h9wq5wed9agybndvl5ub.jpg', 2),
(9, 'https://res.cloudinary.com/dk1imvnu1/image/upload/v1732734890/room_seekers/ynufisdkso1iyjrnypgx.jpg', 3),
(10, 'https://res.cloudinary.com/dk1imvnu1/image/upload/v1732734890/room_seekers/vanprkyimhsprh1nlauo.jpg', 3),
(11, 'https://res.cloudinary.com/dk1imvnu1/image/upload/v1732734890/room_seekers/agbq5vvsyco6h0gd6ufa.jpg', 3),
(12, 'https://res.cloudinary.com/dk1imvnu1/image/upload/v1732734890/room_seekers/wznhrmkysns0nwa7amfh.jpg', 3),
(13, 'https://res.cloudinary.com/dk1imvnu1/image/upload/v1732734890/room_seekers/bigoffrcciqs2nhejhdz.jpg', 4),
(14, 'https://res.cloudinary.com/dk1imvnu1/image/upload/v1732734890/room_seekers/ubeqilvg3rh9irfwbwcb.jpg', 4),
(15, 'https://res.cloudinary.com/dk1imvnu1/image/upload/v1732734890/room_seekers/listing3-7_ccyibg.jpg', 4),
(16, 'https://res.cloudinary.com/dk1imvnu1/image/upload/v1732734890/room_seekers/listing3-1_ednskl.jpg', 4),
(17, 'https://res.cloudinary.com/dk1imvnu1/image/upload/v1732734890/room_seekers/listing3-2_etklrb.jpg', 5),
(18, 'https://res.cloudinary.com/dk1imvnu1/image/upload/v1732734890/room_seekers/listing3-3_vpqecw.jpg', 5),
(19, 'https://res.cloudinary.com/dk1imvnu1/image/upload/v1732734890/room_seekers/listing3-4_ckl0ve.jpg', 5),
(20, 'https://res.cloudinary.com/dk1imvnu1/image/upload/v1732734890/room_seekers/listing3-5_gh6mt1.jpg', 5),
(21, 'https://res.cloudinary.com/dk1imvnu1/image/upload/v1732734890/room_seekers/listing3-6_kba3sv.jpg', 6),
(22, 'https://res.cloudinary.com/dk1imvnu1/image/upload/v1732734890/room_seekers/listing7-4_k7cdhy.jpg', 6),
(23, 'https://res.cloudinary.com/dk1imvnu1/image/upload/v1732734890/room_seekers/listing7-3_fqtjxg.jpg', 6),
(24, 'https://res.cloudinary.com/dk1imvnu1/image/upload/v1732734890/room_seekers/listing7-1_unalon.jpg', 6),
(25, 'https://res.cloudinary.com/dk1imvnu1/image/upload/v1732734890/room_seekers/listing7-2_vjftno.jpg', 7),
(26, 'https://res.cloudinary.com/dk1imvnu1/image/upload/v1732734890/room_seekers/listing6-7_jzcp65.jpg', 7),
(27, 'https://res.cloudinary.com/dk1imvnu1/image/upload/v1732734890/room_seekers/listing6-6_msjbip.jpg', 7),
(28, 'https://res.cloudinary.com/dk1imvnu1/image/upload/v1732734890/room_seekers/listing6-3_dvci8l.jpg', 7),
(29, 'https://res.cloudinary.com/dk1imvnu1/image/upload/v1732734890/room_seekers/listing6-4_hxvse8.jpg', 8),
(30, 'https://res.cloudinary.com/dk1imvnu1/image/upload/v1732734890/room_seekers/listing6-5_sportw.jpg', 8),
(31, 'https://res.cloudinary.com/dk1imvnu1/image/upload/v1732734890/room_seekers/listing6-2_wote58.jpg', 8),
(32, 'https://res.cloudinary.com/dk1imvnu1/image/upload/v1732734890/room_seekers/listing6-1_ewq21j.jpg', 8),
(33, 'https://res.cloudinary.com/dk1imvnu1/image/upload/v1732734890/room_seekers/listing5-7_v1tzgx.jpg', 9),
(34, 'https://res.cloudinary.com/dk1imvnu1/image/upload/v1732734890/room_seekers/listing5-6_gd845f.jpg', 9),
(35, 'https://res.cloudinary.com/dk1imvnu1/image/upload/v1732734890/room_seekers/listing5-4_rugd5j.jpg', 9),
(36, 'https://res.cloudinary.com/dk1imvnu1/image/upload/v1732734890/room_seekers/listing5-2_snzpkw.jpg', 9),
(37, 'https://res.cloudinary.com/dk1imvnu1/image/upload/v1732734890/room_seekers/listing5-5_z7k8up.jpg', 10),
(38, 'https://res.cloudinary.com/dk1imvnu1/image/upload/v1732734890/room_seekers/listing5-3_brqzlf.jpg', 10),
(39, 'https://res.cloudinary.com/dk1imvnu1/image/upload/v1732734890/room_seekers/listing4-5_bl3bg3.jpg', 10),
(40, 'https://res.cloudinary.com/dk1imvnu1/image/upload/v1732734890/room_seekers/listing4-4_mwcyrk.jpg', 10),
(41, 'https://res.cloudinary.com/dk1imvnu1/image/upload/v1732734890/room_seekers/listing4-7_nvibtz.jpg', 11),
(42, 'https://res.cloudinary.com/dk1imvnu1/image/upload/v1732734890/room_seekers/listing5-1_sxange.jpg', 11),
(43, 'https://res.cloudinary.com/dk1imvnu1/image/upload/v1732734890/room_seekers/listing4-6_sjlyau.jpg', 11),
(44, 'https://res.cloudinary.com/dk1imvnu1/image/upload/v1732734890/room_seekers/listing4-1_p56m75.jpg', 11),
(45, 'https://res.cloudinary.com/dk1imvnu1/image/upload/v1732734890/room_seekers/listing4-3_ck0jsc.jpg', 12),
(46, 'https://res.cloudinary.com/dk1imvnu1/image/upload/v1732734890/room_seekers/listing7-5_oxslhf.jpg', 12),
(47, 'https://res.cloudinary.com/dk1imvnu1/image/upload/v1732734890/room_seekers/listing4-2_mpg5kz.jpg', 12),
(48, 'https://res.cloudinary.com/dk1imvnu1/image/upload/v1732734890/room_seekers/listing7-6_tmblnk.jpg', 12);


-- *Adding data to BOOKINGS
INSERT INTO bookings (id, room_id, guest_id, start_date, end_date, total_price, status, created_at, updated_at, is_deleted, deleted_at)
VALUES
(1, 1, 2, '2024-01-05 14:00:00', '2024-01-10 11:00:00', 300, 'accepted', '2023-12-20 09:00:00', '2023-12-20 09:00:00', false, NULL),
(2, 1, 3, '2024-02-15 14:00:00', '2024-02-20 11:00:00', 500, 'pending', '2024-01-10 08:00:00', '2024-01-10 08:00:00', false, NULL),
(3, 2, 6, '2024-03-01 15:00:00', '2024-03-05 10:00:00', 350, 'accepted', '2024-02-10 08:00:00', '2024-02-10 08:00:00', false, NULL),
(4, 2, 7, '2024-03-10 14:00:00', '2024-03-15 11:00:00', 400, 'canceled', '2024-02-25 12:00:00', '2024-02-25 12:00:00', false, NULL),
(5, 3, 9, '2024-01-20 14:00:00', '2024-01-25 11:00:00', 450, 'pending', '2023-12-30 09:00:00', '2023-12-30 09:00:00', false, NULL),
(6, 3, 10, '2024-02-01 14:00:00', '2024-02-05 11:00:00', 480, 'accepted', '2024-01-10 10:00:00', '2024-01-10 10:00:00', false, NULL),
(7, 4, 12, '2024-03-20 16:00:00', '2024-03-25 11:00:00', 520, 'pending', '2024-03-01 14:00:00', '2024-03-01 14:00:00', false, NULL),
(8, 4, 13, '2024-04-01 14:00:00', '2024-04-05 11:00:00', 580, 'accepted', '2024-03-10 10:00:00', '2024-03-10 10:00:00', false, NULL),
(9, 5, 15, '2024-05-01 14:00:00', '2024-05-05 11:00:00', 600, 'accepted', '2024-04-10 09:00:00', '2024-04-10 09:00:00', false, NULL),
(10, 5, 16, '2024-05-10 14:00:00', '2024-05-15 11:00:00', 700, 'accepted', '2024-04-15 10:00:00', '2024-04-15 10:00:00', false, NULL),
(11, 6, 17, '2024-06-01 14:00:00', '2024-06-05 11:00:00', 550, 'accepted', '2024-05-10 10:00:00', '2024-05-10 10:00:00', false, NULL),
(12, 6, 18, '2024-06-10 14:00:00', '2024-06-15 11:00:00', 620, 'accepted', '2024-05-20 14:00:00', '2024-05-20 14:00:00', false, NULL),
(13, 7, 19, '2024-07-01 14:00:00', '2024-07-05 11:00:00', 580, 'pending', '2024-06-10 10:00:00', '2024-06-10 10:00:00', false, NULL),
(14, 8, 21, '2024-07-10 14:00:00', '2024-07-15 11:00:00', 650, 'pending', '2024-06-20 11:00:00', '2024-06-20 11:00:00', false, NULL),
(15, 9, 22, '2024-08-01 14:00:00', '2024-08-05 11:00:00', 670, 'accepted', '2024-07-15 10:00:00', '2024-07-15 10:00:00', false, NULL),
(16, 9, 24, '2024-08-10 14:00:00', '2024-08-15 11:00:00', 700, 'accepted', '2024-07-20 10:00:00', '2024-07-20 10:00:00', false, NULL),
(17, 10, 26, '2024-09-01 14:00:00', '2024-09-05 11:00:00', 800, 'pending', '2024-08-10 10:00:00', '2024-08-10 10:00:00', false, NULL),
(18, 10, 27, '2024-09-10 14:00:00', '2024-09-15 11:00:00', 850, 'accepted', '2024-08-20 11:00:00', '2024-08-20 11:00:00', false, NULL),
(19, 10, 28, '2024-09-20 14:00:00', '2024-09-25 11:00:00', 870, 'pending', '2024-08-30 12:00:00', '2024-08-30 12:00:00', false, NULL);



-- *FAKE DATA PARA PAYMENTS
INSERT INTO payments (booking_id, amount, payment_date, payment_status, created_at, updated_at) VALUES
(1, 300.00, '2024-01-05 14:00:00', 'completed', '2023-12-20 09:00:00', '2023-12-20 09:00:00'),
(2, 500.00, '2024-01-10 08:00:00', 'completed', '2024-01-10 08:00:00', '2024-01-10 08:00:00'),
(3, 350.00, '2024-02-10 08:00:00', 'completed', '2024-02-10 08:00:00', '2024-02-10 08:00:00'),
(4, 400.00, '2024-02-25 12:00:00', 'completed', '2024-02-25 12:00:00', '2024-02-25 12:00:00'),
(5, 450.00, '2023-12-30 09:00:00', 'pending', '2023-12-30 09:00:00', '2023-12-30 09:00:00'),
(6, 480.00, '2024-01-10 10:00:00', 'completed', '2024-01-10 10:00:00', '2024-01-10 10:00:00'),
(7, 520.00, '2024-03-01 14:00:00', 'completed', '2024-03-01 14:00:00', '2024-03-01 14:00:00'),
(8, 580.00, '2024-03-10 10:00:00', 'completed', '2024-03-10 10:00:00', '2024-03-10 10:00:00'),
(9, 600.00, '2024-04-10 09:00:00', 'completed', '2024-04-10 09:00:00', '2024-04-10 09:00:00'),
(10, 700.00, '2024-04-15 10:00:00', 'completed', '2024-04-15 10:00:00', '2024-04-15 10:00:00'),
(11, 550.00, '2024-05-10 10:00:00', 'completed', '2024-05-10 10:00:00', '2024-05-10 10:00:00'),
(12, 620.00, '2024-05-20 14:00:00', 'completed', '2024-05-20 14:00:00', '2024-05-20 14:00:00'),
(13, 580.00, '2024-06-10 10:00:00', 'pending', '2024-06-10 10:00:00', '2024-06-10 10:00:00'),
(14, 650.00, '2024-06-20 11:00:00', 'failed', '2024-06-20 11:00:00', '2024-06-20 11:00:00'),
(15, 670.00, '2024-07-15 10:00:00', 'completed', '2024-07-15 10:00:00', '2024-07-15 10:00:00'),
(16, 700.00, '2024-07-20 10:00:00', 'completed', '2024-07-20 10:00:00', '2024-07-20 10:00:00'),
(17, 800.00, '2024-08-10 10:00:00', 'pending', '2024-08-10 10:00:00', '2024-08-10 10:00:00'),
(18, 850.00, '2024-08-20 11:00:00', 'completed', '2024-08-20 11:00:00', '2024-08-20 11:00:00'),
(19, 870.00, '2024-08-30 12:00:00', 'pending', '2024-08-30 12:00:00', '2024-08-30 12:00:00');


-- *Adding data to AMENITIES
INSERT INTO amenities (id, name) VALUES
(1, 'Wi-Fi'),
(2, 'Swimming Pool'),
(3, 'Gym'),
(4, 'Laundry'),
(5, 'Parking'),
(6, 'Air Conditioning'),
(7, 'Balcony'),
(8, 'Pet Friendly'),
(9, 'Bicycle');

-- *Adding data to PROPERTY_AMENITIES

INSERT INTO property_amenities (id, amenity_id, room_id) VALUES
(1, 2, 1),
(2, 4, 1),
(3, 4, 2),
(4, 3, 2),
(5, 5, 2),
(6, 9, 3),
(7, 2, 3),
(8, 9, 3),
(9, 1, 3),
(10, 3, 3),
(11, 6, 3),
(12, 4, 4),
(13, 1, 4),
(14, 5, 4),
(15, 6, 4),
(16, 2, 4),
(17, 9, 4),
(18, 3, 4),
(19, 3, 5),
(20, 3, 5),
(21, 7, 5),
(22, 7, 6),
(23, 1, 6),
(24, 5, 6),
(25, 7, 7),
(26, 2, 7),
(27, 3, 7),
(28, 6, 8),
(29, 5, 8),
(30, 6, 9),
(31, 5, 9),
(32, 3, 10),
(33, 9, 10),
(34, 2, 10),
(35, 7, 10),
(36, 1, 11),
(37, 8, 11),
(38, 9, 11),
(39, 6, 11),
(40, 5, 11),
(41, 5, 12),
(42, 6, 12),
(43, 9, 12),
(44, 9, 12),
(45, 4, 12),
(46, 2, 12),
(47, 5, 12);
